927f1a9454436b48ec5cd302b3bf838bc0b9538e	Code/Air Cooler Application/Air Cooler Application/Actor Core.vi
910c64d9f4fe160440f10b7315a347bbf272f4a9	Code/Air Cooler Application/Air Cooler Application/Load App.vi
c936abd83e876e2b65b1102936a3a8854c590b4b	Code/Air Cooler Application/Air Cooler Application/Load Into Sub Panel.vi
61616b6377ed5f2c5d12dc9afb96b68dd868f9b1	Code/Air Cooler Application/Air Cooler Application/Localization.vi
db31fac88a1bf82bcd9302dce594e3bce2cf1449	Code/Air Cooler Application/Air Cooler Application/Read Config File.vi
6e2dad38b53cf2f99536ecacf601bc39a6d0dcbe	Code/Air Cooler Application/Air Cooler Application/Read One Config Key.vi
b9fd4ad8c687b70e7f20584f777aa797afde5d0a	Code/Air Cooler Application/Air Cooler Application/Stop Core.vi
ae688b5c9db42df74241021433679aecf0eb995b	Code/Air Cooler Application/Air Cooler Application/Swap Controllers.vi
33aa6006b50e6061da7b039d7d811b2b9763fa6f	Code/Air Cooler Application/Load Into Sub Panel Msg/Do.vi
5355b9fdaf0c48e6220f05f5e3da0b0c304e4e67	Code/Air Cooler Application/Load Into Sub Panel Msg/Send Load Into Sub Panel.vi
498950408a21c695fb4153ff7a0bad39e7525fbd	Code/Air Cooler Application/Swap Controllers Msg/Do.vi
b06c1cfda0cc29eea6fb7aac81a34037605b8acb	Code/Air Cooler Application/Swap Controllers Msg/Send Swap Controllers.vi
757984502025a2187ef4dcd83f366ef01ce953df	Code/Application Launcher/Localization.vi
85f1c7598394d41e7d6e9b8529b38f50687f9c1c	Code/Application Launcher/Splash Screen.vi
fb51cd2dd04eb1a7648ce22ab486967fcc36fd51	Code/Cooler Controller/Change Desired Temperature Msg/Do.vi
d85e1209e0bf2ba9ca97f6f2ef65b4e7e0d6ac8d	Code/Cooler Controller/Change Desired Temperature Msg/Send Change Desired Temperature.vi
1cc748590929bf7123013751bf3985035f523f42	Code/Cooler Controller/Cooler Controller/Change Desired Temperature.vi
65a4bdffb6161aa22cfe319afa2d8db20290368d	Code/Cooler Controller/Cooler Controller/Read Cooler Enqueuer.vi
3b0756af7861abc83f9e688164697b54f3b03ccf	Code/Cooler Controller/Cooler Controller/Read Desired Temperature.vi
f151d65d30c87e47425bec5398af67cd3fa956ab	Code/Cooler Controller/Cooler Controller/Stop Core.vi
bbd3802dc970166fabd223c423435c9c9e644a31	Code/Cooler Controller/Cooler Controller/Update Current Temperature.vi
12ba6c04b10edfbcc88dd3fd6edbc64da9aa860b	Code/Cooler Controller/Cooler Controller/Write Cooler Enqueuer.vi
5f3d29069e13a08ccd96157e9409bb108fbaa447	Code/Cooler Controller/Update Current Temperature Msg/Do.vi
cd48b35496d8980441586bf6713b0fd54e65430a	Code/Cooler Controller/Update Current Temperature Msg/Send Update Current Temperature.vi
40c8c91645920a14963962b12e7226b95b394eee	Code/Cooler Controller/Write Cooler Enqueuer Msg/Do.vi
cc783e55d7cb43d4eb9de96222e4766b032b2fd4	Code/Cooler Controller/Write Cooler Enqueuer Msg/Send Write Cooler Enqueuer.vi
9b813228b0757d90fcf2dc463e97f13986ff22f4	Code/Cooler Plug-Ins/HW Evaporative Cooler.lvclass/Get Current Temperature.vi
0cf9ba52c8a9da17bb94a32cf1a3277f3cc53071	Code/Cooler Plug-Ins/HW Evaporative Cooler.lvclass/Read Dual Fan Actor.vi
e7809bf09e9fd200f1f47732f9478f7ab32f6c29	Code/Cooler Plug-Ins/HW Evaporative Cooler.lvclass/Read Water Level Actor.vi
5d142d9cdcdf603f22e1e0de586e200bbdee7bcc	Code/Cooler Plug-Ins/HW Evaporative Cooler.lvclass/Set Pump State.vi
99afd5fb15ddae4bfd46ba49142404e0a1c81c09	Code/Cooler Plug-Ins/Simulated Evaporative Cooler.lvclass/Actor Core.vi
8e8cb01b4dc7a3a81cc21e8c4cf62c80e249ddd8	Code/Cooler Plug-Ins/Simulated Evaporative Cooler.lvclass/Get Current Temperature.vi
d1b5816e1e9e9973bdc588a59ee2f31d935cc603	Code/Cooler Plug-Ins/Simulated Evaporative Cooler.lvclass/Read Dual Fan Actor.vi
6844a24900a3d28a1c7892b6bf62b317c3ebf5f9	Code/Cooler Plug-Ins/Simulated Evaporative Cooler.lvclass/Read Water Level Actor.vi
1d790714317a680127a142ec63a3665b7a042d36	Code/Cooler Plug-Ins/Simulated Evaporative Cooler.lvclass/Set Pump State.vi
062bf0f7c6d4cb0fd702406783ea0b212204c83a	Code/Cooler Plug-Ins/Simulated Evaporative Cooler.lvclass/Simulation Data_Global.vi
20a2bc0678aee214df99118900acdee32e59d6d5	Code/Cooler/Cooler/Get Current Temperature.vi
976f179dcfc0323748242d23e4e63eec6b3125f2	Code/Cooler/Cooler/Get Deadband Offset.vi
7824256b74543af13665bb1ff35381a596091e20	Code/Cooler/Cooler/Get New Level.vi
4c7f454c84d5550aeed1a2b89efe3ba4e1b71ed6	Code/Cooler/Cooler/Read Controller Enqueuer.vi
43f7879d4a24a1bfa8e51e1df366f2c6d314fca3	Code/Cooler/Cooler/Read Desired Temperature.vi
10bcc4b083ec3f4784b38c07c45a3190ff379ed1	Code/Cooler/Cooler/Update Fan Status.vi
37fe0c8a50054eb41bd728545efe085f99a001c5	Code/Cooler/Cooler/Update Water Level.vi
8c9ae29bfd511af87ac973b24e199de1162cf6bd	Code/Cooler/Cooler/Write Controller Enqueuer.vi
bef08f47b054a569486b595b752a3170aa298b67	Code/Cooler/Cooler/Write Desired Temperature.vi
9e3ac201b88b7bf1068c51a697abaaf0f1413456	Code/Cooler/Write Controller Enqueuer Msg/Do.vi
fa2cc4f7fabffc77869505bd564193bc19a9c6b4	Code/Cooler/Write Controller Enqueuer Msg/Send Write Controller Enqueuer.vi
d425a38b5a2c0ae1992d5a92687885650a0eae03	Code/Cooler/Write Desired Temperature Msg/Do.vi
34e379609ea7d3c015505c163b5f69dced71bf52	Code/Cooler/Write Desired Temperature Msg/Send Write Desired Temperature.vi
0cfaebdb5eca8a5dfd984cfa61fec35a910d80d1	Code/Dual Fan/Dual Fan/Read Both Fans Fault and State.vi
aec0d5f86f70fdca3cec5f8a6c26c4cfa78fac44	Code/Dual Fan/Dual Fan/Run or Halt Fan.vi
edf105a22e8c43846a86163e5821637125e30e44	Code/Dual Fan/Dual Fan/Update Caller.vi
ca90521b59903d3b34bfc5aa6ddb0c64385ac474	Code/Dual Fan/Dual Fan/Update Core.vi
d1047eb0db5c3c0a500f6dc1d2b2777b0026b860	Code/Dual Fan/Dual Fan/Write Both Fan States.vi
5eef080441d76a4e4f48bee457665307583f3cae	Code/Dual Fan/Dual Fan/Write Update Fan Status Message.vi
dbc6ec73ba0c99e0b6f07fef855d1b9a87b387cd	Code/Dual Fan/Halt Fan Msg/Do.vi
863cc15f1d616cfe64ab1a09c8efb4bfafbfbbce	Code/Dual Fan/Halt Fan Msg/Send Halt Fan.vi
8bb86bbd3c0c8b21fd5e8c13e4159020496c62ca	Code/Dual Fan/Run Fan Msg/Do.vi
a74aa9c28fe749287d78b300ae31f82a2bde3fb9	Code/Dual Fan/Run Fan Msg/Send Run Fan.vi
3ec7216fd20a210e1e9354190f1366436d4e64ec	Code/Dual Fan/Update Fan Status Msg/Read Fan Status.vi
2b85269a85163386b58388a4aec700c6d36d6751	Code/Dual Fan/Update Fan Status Msg/Send Update Fan Status.vi
81937037c67790a16c614ffc61ab65e31db18631	Code/Evaporative Cooler Controller/Evaporative Cooler Controller/Update Fan Status.vi
61482b7369542b7eb7df187aa888a4153c07f037	Code/Evaporative Cooler Controller/Evaporative Cooler Controller/Update Pump State.vi
e5708f6bddaedfde946f1023b2b464c58e8e2200	Code/Evaporative Cooler Controller/Evaporative Cooler Controller/Update Water Level.vi
cdf38b371a24ae384316407434e0f0a8eb7225d5	Code/Evaporative Cooler Controller/Update Fan Status Msg/Do.vi
c028693c094223b238d913cc3305c33238c2b3de	Code/Evaporative Cooler Controller/Update Fan Status Msg/Send Update Fan Status.vi
4e5c10a0f65c7fb4da0ee21bbb805a38b35ef42f	Code/Evaporative Cooler Controller/Update Pump State Msg/Do.vi
e034e387ebb984bafe3c2100f127c84a66cb514d	Code/Evaporative Cooler Controller/Update Pump State Msg/Send Update Pump State.vi
f1e1660b00dc32e1981657da988ae974dfe814d3	Code/Evaporative Cooler Controller/Update Water Level Msg/Do.vi
72a115d3f9f7703e8009a8e62dbcc83398d1ba0f	Code/Evaporative Cooler Controller/Update Water Level Msg/Send Update Water Level.vi
bad901ab4af723e97bd86ad2a8bcdf8e7c822183	Code/Evaporative Cooler/Cooler Update Fan Status Msg/Do.vi
3444743bd37664833cbdf739181c60b373e5d99c	Code/Evaporative Cooler/Cooler Update Water Level Msg/Do.vi
197e9a9efaa373f33c42c724d60195ad6b9163dc	Code/Evaporative Cooler/Evaporative Cooler/Actor Core.vi
e3660bc79be2d4406b8b2629872bff8ac6126695	Code/Evaporative Cooler/Evaporative Cooler/Read Dual Fan Actor.vi
fdc7743d2a2064cf412a86c312cf826017e4f3d1	Code/Evaporative Cooler/Evaporative Cooler/Read Water Level Actor.vi
5eb356de6dd1874c93ba0f8d2d7b221643853f3b	Code/Evaporative Cooler/Evaporative Cooler/Report Pump State.vi
b5b7bb403c95deef957033f1d0ed20d2ffa644ad	Code/Evaporative Cooler/Evaporative Cooler/Set Output State.vi
30bbb19f0b334b8eca6d53fd2878ee0ffebaa9c4	Code/Evaporative Cooler/Evaporative Cooler/Set Pump State.vi
98a1e0ec4df41548c12d8986a925addc033fbb05	Code/Evaporative Cooler/Evaporative Cooler/Stop Core.vi
9543362aa7a0032ed0640f32e30eb2a8874b811f	Code/HW Dual Fan/Read Both Fans Fault and State.vi
42bc198647fb8bcdf31b7ea2f51b07bd0fbe346f	Code/HW Dual Fan/Write Both Fan States.vi
aa19a64b1b1ea0221fd4b5863e3ee3197cf87ef5	Code/HW Water Level.lvclass/Get Water Level.vi
352f515e676866e0de8a7dda76193830fa56e1ba	Code/Level Controller/Level Controller/Get New Level.vi
605166851bf135bddb92b278c271157812d259e9	Code/Level Controller/Level Controller/Read Deadband.vi
e27dbe8c81bc5eabb53ab75a8e6c933ab234a574	Code/Level Controller/Level Controller/Set Output State.vi
8a0e3d584a12fbeeec9fc06d1058b203278b6f99	Code/Level Controller/Level Controller/Update Core.vi
a25b687b45fdf99e9bd19a7c126f03a6f21de2cb	Code/Level Controller/Level Controller/Write Deadband.vi
9e3be2ba9d7dfa6faebe6c0bcdc1930024b2118c	Code/Level Controller/Write Deadband Msg/Do.vi
02eec0c78cf7c7d60d30038ca441bc66a93ee1bf	Code/Level Controller/Write Deadband Msg/Send Write Deadband.vi
dd18e70db1d013a6a31b5f131e2faf43e1474751	Code/Live User Controller/Actor Core.vi
6d5ed75b9fb5d4fbf154c8af292832231bc96a74	Code/Live User Controller/Update Current Temperature.vi
0474b670b0c20163950acf7b915a47babc4cb51c	Code/Live User Controller/Update Fan Status.vi
56b4f8c2ab6b311ccc6f8c8390a7dde03b46a358	Code/Live User Controller/Update Pump State.vi
a40c9cb07468c8aa5aea36ab5e424c62fb8f467f	Code/Live User Controller/Update Water Level.vi
d7088fd8b69b2820ea76ad611da1430cd6107a42	Code/Live User Controller/Write Ctls.vi
fd2ed1b7ae0d9df1de20d36ca0e6829eb635a990	Code/Programmatic Controller/Actor Core.vi
0709dbbacd83a988383b93694bba481e56ec490d	Code/Programmatic Controller/Append To Log.vi
d1d6adef9f555e654e1f66de11d51102927a0407	Code/Programmatic Controller/Programmed Temperature for Step N.vi
c79ae0b37039dc64d86181f96777507e2e3d1b1f	Code/Programmatic Controller/Update Current Temperature.vi
b1590cefff1f06eebf02329076bc7c636a18a39f	Code/Simulated Dual Fan/Pre Launch Init.vi
3b03739e591f5f724b9d5e3219358162e6924e57	Code/Simulated Dual Fan/Read Both Fans Fault and State.vi
f688d42156f2fadace9308aceca38c8df2d4a736	Code/Simulated Dual Fan/Write Both Fan States.vi
ba351d79938e02562e88292175a5d1bf2ef0713e	Code/Simulated Water Level/Actor Core.vi
986517964f861e4e5ddbf850291c982f367f5f92	Code/Simulated Water Level/Get Water Level.vi
67c8b58a96507818ce25192a49e8da426235dcc6	Code/Simulated Water Level/Set Output State.vi
210df943335adc35257e1ee4d9731ee3cd477667	Code/Timed Loop Actor/Timed Loop Actor/Actor Core.vi
cf63c253068ebffa5d7b66b848e0d03733be7ab4	Code/Timed Loop Actor/Timed Loop Actor/Counter.vi
312e6bc71495547c15fce020042d239cde03a42e	Code/Timed Loop Actor/Timed Loop Actor/Pre Launch Init.vi
3532852dd52cb3a927a964b840cdda3fa285a910	Code/Timed Loop Actor/Timed Loop Actor/Read Controller Name.vi
6aaa167901a0bc4a2bb5da49e31b2345e27506a6	Code/Timed Loop Actor/Timed Loop Actor/Update Core.vi
407b770e30234cb8a400e96ae006be0a9d8e10ba	Code/Timed Loop Actor/Timed Loop Actor/Update.vi
0d332ffaae8ab20cf4c57e1ab26627241f7ebf25	Code/Timed Loop Actor/Timed Loop Actor/Write Controller Name.vi
4b253cdebe3e669b6e6324689d424b498776cd4e	Code/Timed Loop Actor/Timed Loop Actor/Write Poll Rate.vi
b8c36bd9ad4a1e49316f0b7c110a5aaf098adfe0	Code/Timed Loop Actor/Update Msg/Do.vi
07952cf69d07715524dba76b9c7cd73253744dea	Code/Timed Loop Actor/Update Msg/Send Update.vi
811eec3677ffa1179e3fd92dc9227adc5cf6cde3	Code/User-Defined Test/User-Defined Test Advanced.vi
4e10cf38e4213096ed81f5daa2ba3fca17e3e7a2	Code/User-Defined Test/User-Defined Test Basic.vi
6aded9ddb3730677fd5a3c088253078156a999a5	Code/User-Defined Test/VI Under Test.vi
8eeb796de6bca9dc5ec51729fd4e6c3dc1c4ba65	Code/Water Level/Get New Level.vi
0d7cda21f74fc01a2796eaac8cd5e87f332fe690	Code/Water Level/Get Water Level.vi
e8a8a36f5ea4c1a21fff339a330c9befb4ad34f5	Code/Water Level/Update Water Level Msg/Read Water Level.vi
a15b424100ae9051ed394b01736030c51edd3a1f	Code/Water Level/Update Water Level Msg/Send Update Water Level Msg.vi
aec184d5297dbb81a25dcb9be96e96bc05dfc9f9	Code/Water Level/Write Update Water Level Msg.vi
cb4d4207bb5bed7aeb96082411ac7060cd03d0f4	Code/main.vi
